text,emoji
"Hello there!",👋
"Good morning!",☀️
"How are you doing today?",😊
"I am so happy today!",😄
"This is wonderful news!",🎉
"I'm feeling really sad.",😢
"That makes me want to cry.",😭
"I am so angry right now!",😡
"Stop doing that!",🤬
"I love eating pizza.",🍕
"Let's get some sushi for dinner.",🍣
"I need a hot cup of coffee.",☕
"Apples are my favorite fruit.",🍎
"What a delicious burger!",🍔
"Look at that cute dog!",🐶
"A cat is sleeping on the couch.",🐱
"We saw a giant elephant at the zoo.",🐘
"The birds are singing outside.",🐦
"I am going to sleep now.",😴
"Reading a book in the library.",📚
"Walking to the office.",🚶
"Running in the morning rain.",🌧️
"Working on my laptop.",💻
"Listening to some music.",🎧
"Cooking a delicious meal.",🍳
"Cleaning the living room.",🧹
"Traveling to a new city.",✈️
"Watching a movie tonight.",🎬
"Shopping for groceries.",🛒
"Happy birthday!",🎂
"Good night, sweet dreams.",🌙
"The sun is shining brightly.",☀️
